month,customers,retention_rate,net_revenue_retention,gross_revenue_retention,arr,revenue_at_risk
2024-01,14328,89.1,102.06,81.54,22939046,439870.91
2024-02,10798,85.24,105.41,96.15,20740250,637432.02
2024-03,11696,87.17,105.81,97.59,22344347,568459.46
2024-04,10430,90.69,95.37,94.37,22588590,50485.21
2024-05,13764,82.66,97.19,93.45,22734648,402075.4
2024-06,9365,93.34,115.79,91.0,22277414,609452.06
2024-07,12065,87.57,124.29,82.77,22956068,408240.04
2024-08,10017,93.83,113.36,89.99,22944784,286637.27
2024-09,13681,93.86,101.25,92.43,22457918,191282.17
2024-10,9800,90.51,118.89,89.34,23043277,52995.15
2024-11,12225,82.94,96.56,90.25,21530038,512220.63
2024-12,9600,82.02,104.32,84.3,22374965,701950.66
2025-01,12620,91.59,120.41,84.58,22220947,746383.69
2025-02,14816,83.86,123.94,87.82,20535858,106552.36
2025-03,12178,82.77,121.55,95.03,22994561,284399.49
2025-04,14461,85.31,122.91,80.91,21891674,205648.38
2025-05,12715,84.58,116.74,89.5,22470636,725573.24
2025-06,13090,88.45,116.79,90.21,22825346,563961.24
2025-07,9635,94.67,124.09,86.59,23126270,207136.71
2025-08,13081,95.4,98.2,95.23,23488254,224277.84
2025-09,9126,91.08,97.51,95.63,22623822,98009.36
2025-10,10712,86.55,122.07,81.36,23205434,403171.9
2025-11,12318,90.98,113.77,87.24,22069181,184595.39
2025-12,12392,87.03,121.6,84.11,23519223,681276.78
