month,arr_target,nrr_target
2024-01,4173956,110
2024-02,1535428,106
2024-03,2506124,124
2024-04,2942211,116
2024-05,2988583,122
2024-06,3243753,123
2024-07,2754774,108
2024-08,3745306,113
2024-09,3827143,105
2024-10,2042376,124
2024-11,1902036,110
2024-12,3429474,116
2025-01,1949944,106
2025-02,1841199,106
2025-03,3926357,112
2025-04,2941272,114
2025-05,2365404,112
2025-06,3358984,106
2025-07,3636484,109
2025-08,1901621,108
2025-09,3307475,116
2025-10,3265828,123
2025-11,2889796,105
2025-12,2100609,118
