cohort_month,month_number,retention_rate
2024-01,0,102.0
2024-01,1,97.5
2024-01,2,91.0
2024-01,3,91.5
2024-01,4,87.0
2024-01,5,81.5
2024-01,6,79.0
2024-01,7,73.5
2024-01,8,73.0
2024-01,9,68.5
2024-01,10,65.0
2024-01,11,63.5
2024-01,12,58.0
2024-01,13,53.5
2024-01,14,52.0
2024-01,15,48.5
2024-01,16,46.0
2024-01,17,39.5
2024-01,18,35.0
2024-01,19,31.5
2024-01,20,30.0
2024-01,21,27.5
2024-01,22,25.0
2024-01,23,25.0
2024-01,24,25.0
2024-01,25,25.0
2024-02,0,99.0
2024-02,1,95.5
2024-02,2,95.0
2024-02,3,87.5
2024-02,4,85.0
2024-02,5,80.5
2024-02,6,78.0
2024-02,7,73.5
2024-02,8,72.0
2024-02,9,69.5
2024-02,10,66.0
2024-02,11,59.5
2024-02,12,56.0
2024-02,13,54.5
2024-02,14,49.0
2024-02,15,49.5
2024-02,16,46.0
2024-02,17,42.5
2024-02,18,36.0
2024-02,19,32.5
2024-02,20,29.0
2024-02,21,25.0
2024-02,22,25.0
2024-02,23,25.0
2024-02,24,25.0
2024-02,25,25.0
2024-03,0,99.0
2024-03,1,96.5
2024-03,2,93.0
2024-03,3,89.5
2024-03,4,85.0
2024-03,5,84.5
2024-03,6,78.0
2024-03,7,76.5
2024-03,8,73.0
2024-03,9,70.5
2024-03,10,64.0
2024-03,11,59.5
2024-03,12,58.0
2024-03,13,56.5
2024-03,14,53.0
2024-03,15,47.5
2024-03,16,43.0
2024-03,17,39.5
2024-03,18,39.0
2024-03,19,33.5
2024-03,20,32.0
2024-03,21,28.5
2024-03,22,25.0
2024-03,23,25.0
2024-03,24,25.0
2024-03,25,25.0
2024-04,0,98.0
2024-04,1,97.5
2024-04,2,94.0
2024-04,3,90.5
2024-04,4,87.0
2024-04,5,81.5
2024-04,6,78.0
2024-04,7,77.5
2024-04,8,72.0
2024-04,9,70.5
2024-04,10,66.0
2024-04,11,59.5
2024-04,12,60.0
2024-04,13,52.5
2024-04,14,50.0
2024-04,15,48.5
2024-04,16,46.0
2024-04,17,39.5
2024-04,18,35.0
2024-04,19,31.5
2024-04,20,31.0
2024-04,21,28.5
2024-04,22,25.0
2024-04,23,25.0
2024-04,24,25.0
2024-04,25,25.0
2024-05,0,100.0
2024-05,1,98.5
2024-05,2,93.0
2024-05,3,91.5
2024-05,4,87.0
2024-05,5,81.5
2024-05,6,78.0
2024-05,7,73.5
2024-05,8,72.0
2024-05,9,68.5
2024-05,10,67.0
2024-05,11,60.5
2024-05,12,58.0
2024-05,13,52.5
2024-05,14,51.0
2024-05,15,48.5
2024-05,16,46.0
2024-05,17,40.5
2024-05,18,38.0
2024-05,19,33.5
2024-05,20,29.0
2024-05,21,26.5
2024-05,22,25.0
2024-05,23,25.0
2024-05,24,25.0
2024-05,25,25.0
2024-06,0,101.0
2024-06,1,97.5
2024-06,2,92.0
2024-06,3,87.5
2024-06,4,84.0
2024-06,5,82.5
2024-06,6,78.0
2024-06,7,74.5
2024-06,8,74.0
2024-06,9,66.5
2024-06,10,67.0
2024-06,11,63.5
2024-06,12,57.0
2024-06,13,53.5
2024-06,14,52.0
2024-06,15,48.5
2024-06,16,45.0
2024-06,17,40.5
2024-06,18,36.0
2024-06,19,35.5
2024-06,20,30.0
2024-06,21,28.5
2024-06,22,25.0
2024-06,23,25.0
2024-06,24,25.0
2024-06,25,25.0
2024-07,0,101.0
2024-07,1,98.5
2024-07,2,91.0
2024-07,3,88.5
2024-07,4,85.0
2024-07,5,81.5
2024-07,6,81.0
2024-07,7,77.5
2024-07,8,72.0
2024-07,9,67.5
2024-07,10,67.0
2024-07,11,63.5
2024-07,12,56.0
2024-07,13,52.5
2024-07,14,51.0
2024-07,15,45.5
2024-07,16,44.0
2024-07,17,38.5
2024-07,18,35.0
2024-07,19,35.5
2024-07,20,32.0
2024-07,21,27.5
2024-07,22,25.0
2024-07,23,25.0
2024-07,24,25.0
2024-07,25,25.0
2024-08,0,99.0
2024-08,1,94.5
2024-08,2,95.0
2024-08,3,88.5
2024-08,4,86.0
2024-08,5,84.5
2024-08,6,81.0
2024-08,7,73.5
2024-08,8,71.0
2024-08,9,68.5
2024-08,10,66.0
2024-08,11,63.5
2024-08,12,59.0
2024-08,13,56.5
2024-08,14,50.0
2024-08,15,45.5
2024-08,16,42.0
2024-08,17,40.5
2024-08,18,39.0
2024-08,19,34.5
2024-08,20,30.0
2024-08,21,28.5
2024-08,22,25.0
2024-08,23,25.0
2024-08,24,25.0
2024-08,25,25.0
2024-09,0,98.0
2024-09,1,94.5
2024-09,2,92.0
2024-09,3,87.5
2024-09,4,87.0
2024-09,5,83.5
2024-09,6,81.0
2024-09,7,75.5
2024-09,8,71.0
2024-09,9,69.5
2024-09,10,64.0
2024-09,11,60.5
2024-09,12,59.0
2024-09,13,53.5
2024-09,14,51.0
2024-09,15,45.5
2024-09,16,44.0
2024-09,17,41.5
2024-09,18,37.0
2024-09,19,31.5
2024-09,20,30.0
2024-09,21,25.0
2024-09,22,25.0
2024-09,23,25.0
2024-09,24,25.0
2024-09,25,25.0
2024-10,0,98.0
2024-10,1,98.5
2024-10,2,91.0
2024-10,3,91.5
2024-10,4,88.0
2024-10,5,80.5
2024-10,6,80.0
2024-10,7,73.5
2024-10,8,74.0
2024-10,9,69.5
2024-10,10,66.0
2024-10,11,63.5
2024-10,12,57.0
2024-10,13,53.5
2024-10,14,51.0
2024-10,15,47.5
2024-10,16,44.0
2024-10,17,42.5
2024-10,18,36.0
2024-10,19,33.5
2024-10,20,29.0
2024-10,21,27.5
2024-10,22,25.0
2024-10,23,25.0
2024-10,24,25.0
2024-10,25,25.0
2024-11,0,102.0
2024-11,1,96.5
2024-11,2,94.0
2024-11,3,88.5
2024-11,4,88.0
2024-11,5,82.5
2024-11,6,80.0
2024-11,7,75.5
2024-11,8,74.0
2024-11,9,66.5
2024-11,10,66.0
2024-11,11,60.5
2024-11,12,58.0
2024-11,13,54.5
2024-11,14,49.0
2024-11,15,47.5
2024-11,16,45.0
2024-11,17,41.5
2024-11,18,35.0
2024-11,19,32.5
2024-11,20,30.0
2024-11,21,26.5
2024-11,22,25.0
2024-11,23,25.0
2024-11,24,25.0
2024-11,25,25.0
2024-12,0,102.0
2024-12,1,98.5
2024-12,2,95.0
2024-12,3,87.5
2024-12,4,88.0
2024-12,5,81.5
2024-12,6,77.0
2024-12,7,75.5
2024-12,8,73.0
2024-12,9,67.5
2024-12,10,63.0
2024-12,11,59.5
2024-12,12,58.0
2024-12,13,53.5
2024-12,14,52.0
2024-12,15,46.5
2024-12,16,45.0
2024-12,17,39.5
2024-12,18,37.0
2024-12,19,35.5
2024-12,20,29.0
2024-12,21,25.5
2024-12,22,25.0
2024-12,23,25.0
2024-12,24,25.0
2024-12,25,25.0
2025-01,0,101.0
2025-01,1,94.5
2025-01,2,91.0
2025-01,3,90.5
2025-01,4,84.0
2025-01,5,80.5
2025-01,6,77.0
2025-01,7,73.5
2025-01,8,71.0
2025-01,9,70.5
2025-01,10,64.0
2025-01,11,60.5
2025-01,12,60.0
2025-01,13,55.5
2025-01,14,52.0
2025-01,15,45.5
2025-01,16,46.0
2025-01,17,39.5
2025-01,18,35.0
2025-01,19,31.5
2025-01,20,29.0
2025-01,21,28.5
2025-01,22,25.0
2025-01,23,25.0
2025-01,24,25.0
2025-01,25,25.0
2025-02,0,99.0
2025-02,1,95.5
2025-02,2,91.0
2025-02,3,88.5
2025-02,4,84.0
2025-02,5,81.5
2025-02,6,80.0
2025-02,7,74.5
2025-02,8,70.0
2025-02,9,67.5
2025-02,10,67.0
2025-02,11,60.5
2025-02,12,58.0
2025-02,13,56.5
2025-02,14,52.0
2025-02,15,45.5
2025-02,16,43.0
2025-02,17,40.5
2025-02,18,39.0
2025-02,19,31.5
2025-02,20,28.0
2025-02,21,28.5
2025-02,22,25.0
2025-02,23,25.0
2025-02,24,25.0
2025-02,25,25.0
2025-03,0,100.0
2025-03,1,94.5
2025-03,2,92.0
2025-03,3,87.5
2025-03,4,85.0
2025-03,5,81.5
2025-03,6,77.0
2025-03,7,74.5
2025-03,8,72.0
2025-03,9,68.5
2025-03,10,64.0
2025-03,11,61.5
2025-03,12,59.0
2025-03,13,54.5
2025-03,14,52.0
2025-03,15,46.5
2025-03,16,45.0
2025-03,17,38.5
2025-03,18,38.0
2025-03,19,33.5
2025-03,20,30.0
2025-03,21,25.5
2025-03,22,25.0
2025-03,23,25.0
2025-03,24,25.0
2025-03,25,25.0
2025-04,0,100.0
2025-04,1,95.5
2025-04,2,94.0
2025-04,3,87.5
2025-04,4,86.0
2025-04,5,80.5
2025-04,6,77.0
2025-04,7,75.5
2025-04,8,70.0
2025-04,9,67.5
2025-04,10,66.0
2025-04,11,59.5
2025-04,12,57.0
2025-04,13,52.5
2025-04,14,49.0
2025-04,15,49.5
2025-04,16,42.0
2025-04,17,39.5
2025-04,18,39.0
2025-04,19,32.5
2025-04,20,29.0
2025-04,21,26.5
2025-04,22,25.0
2025-04,23,25.0
2025-04,24,25.0
2025-04,25,25.0
2025-05,0,100.0
2025-05,1,98.5
2025-05,2,95.0
2025-05,3,87.5
2025-05,4,85.0
2025-05,5,84.5
2025-05,6,81.0
2025-05,7,76.5
2025-05,8,72.0
2025-05,9,66.5
2025-05,10,65.0
2025-05,11,59.5
2025-05,12,56.0
2025-05,13,56.5
2025-05,14,49.0
2025-05,15,49.5
2025-05,16,46.0
2025-05,17,41.5
2025-05,18,37.0
2025-05,19,32.5
2025-05,20,30.0
2025-05,21,28.5
2025-05,22,25.0
2025-05,23,25.0
2025-05,24,25.0
2025-05,25,25.0
2025-06,0,100.0
2025-06,1,97.5
2025-06,2,91.0
2025-06,3,90.5
2025-06,4,88.0
2025-06,5,84.5
2025-06,6,80.0
2025-06,7,75.5
2025-06,8,72.0
2025-06,9,66.5
2025-06,10,66.0
2025-06,11,61.5
2025-06,12,60.0
2025-06,13,52.5
2025-06,14,51.0
2025-06,15,46.5
2025-06,16,43.0
2025-06,17,42.5
2025-06,18,36.0
2025-06,19,35.5
2025-06,20,28.0
2025-06,21,25.0
2025-06,22,25.0
2025-06,23,25.0
2025-06,24,25.0
2025-06,25,25.0
2025-07,0,99.0
2025-07,1,96.5
2025-07,2,91.0
2025-07,3,91.5
2025-07,4,87.0
2025-07,5,84.5
2025-07,6,78.0
2025-07,7,77.5
2025-07,8,73.0
2025-07,9,69.5
2025-07,10,66.0
2025-07,11,63.5
2025-07,12,56.0
2025-07,13,56.5
2025-07,14,53.0
2025-07,15,45.5
2025-07,16,46.0
2025-07,17,42.5
2025-07,18,38.0
2025-07,19,35.5
2025-07,20,32.0
2025-07,21,25.0
2025-07,22,25.0
2025-07,23,25.0
2025-07,24,25.0
2025-07,25,25.0
2025-08,0,98.0
2025-08,1,94.5
2025-08,2,92.0
2025-08,3,87.5
2025-08,4,86.0
2025-08,5,82.5
2025-08,6,81.0
2025-08,7,75.5
2025-08,8,73.0
2025-08,9,68.5
2025-08,10,66.0
2025-08,11,62.5
2025-08,12,60.0
2025-08,13,54.5
2025-08,14,49.0
2025-08,15,47.5
2025-08,16,45.0
2025-08,17,41.5
2025-08,18,38.0
2025-08,19,31.5
2025-08,20,29.0
2025-08,21,28.5
2025-08,22,25.0
2025-08,23,25.0
2025-08,24,25.0
2025-08,25,25.0
2025-09,0,98.0
2025-09,1,96.5
2025-09,2,95.0
2025-09,3,88.5
2025-09,4,87.0
2025-09,5,82.5
2025-09,6,80.0
2025-09,7,74.5
2025-09,8,71.0
2025-09,9,69.5
2025-09,10,66.0
2025-09,11,63.5
2025-09,12,60.0
2025-09,13,54.5
2025-09,14,51.0
2025-09,15,47.5
2025-09,16,45.0
2025-09,17,38.5
2025-09,18,36.0
2025-09,19,33.5
2025-09,20,29.0
2025-09,21,28.5
2025-09,22,25.0
2025-09,23,25.0
2025-09,24,25.0
2025-09,25,25.0
2025-10,0,101.0
2025-10,1,98.5
2025-10,2,94.0
2025-10,3,89.5
2025-10,4,84.0
2025-10,5,82.5
2025-10,6,78.0
2025-10,7,74.5
2025-10,8,72.0
2025-10,9,66.5
2025-10,10,66.0
2025-10,11,61.5
2025-10,12,60.0
2025-10,13,52.5
2025-10,14,49.0
2025-10,15,47.5
2025-10,16,44.0
2025-10,17,41.5
2025-10,18,37.0
2025-10,19,33.5
2025-10,20,28.0
2025-10,21,25.5
2025-10,22,25.0
2025-10,23,25.0
2025-10,24,25.0
2025-10,25,25.0
2025-11,0,101.0
2025-11,1,96.5
2025-11,2,92.0
2025-11,3,89.5
2025-11,4,88.0
2025-11,5,82.5
2025-11,6,79.0
2025-11,7,74.5
2025-11,8,74.0
2025-11,9,68.5
2025-11,10,63.0
2025-11,11,61.5
2025-11,12,58.0
2025-11,13,56.5
2025-11,14,53.0
2025-11,15,47.5
2025-11,16,44.0
2025-11,17,40.5
2025-11,18,37.0
2025-11,19,34.5
2025-11,20,28.0
2025-11,21,25.0
2025-11,22,25.0
2025-11,23,25.0
2025-11,24,25.0
2025-11,25,25.0
2025-12,0,102.0
2025-12,1,95.5
2025-12,2,92.0
2025-12,3,90.5
2025-12,4,87.0
2025-12,5,80.5
2025-12,6,80.0
2025-12,7,76.5
2025-12,8,73.0
2025-12,9,67.5
2025-12,10,64.0
2025-12,11,60.5
2025-12,12,58.0
2025-12,13,53.5
2025-12,14,51.0
2025-12,15,49.5
2025-12,16,44.0
2025-12,17,38.5
2025-12,18,38.0
2025-12,19,34.5
2025-12,20,32.0
2025-12,21,27.5
2025-12,22,25.0
2025-12,23,25.0
2025-12,24,25.0
2025-12,25,25.0
