month,revenue,transactions,active_customers,revenue_per_customer
2024-01,22939046,5048,6078,3774.11
2024-02,20740250,4605,5819,3564.23
2024-03,22344347,4991,6107,3658.81
2024-04,22588590,4988,5936,3805.36
2024-05,22734648,5081,6040,3764.01
2024-06,22277414,5006,5955,3740.96
2024-07,22956068,5101,6155,3729.66
2024-08,22944784,5072,6150,3730.86
2024-09,22457918,4954,5938,3782.07
2024-10,23043277,5107,6082,3788.77
2024-11,21530038,4873,5940,3624.59
2024-12,22374965,4982,6108,3663.22
2025-01,22220947,4997,6087,3650.56
2025-02,20535858,4591,5646,3637.24
2025-03,22994561,5050,6094,3773.31
2025-04,21891674,4930,5963,3671.25
2025-05,22470636,4989,6075,3698.87
2025-06,22825346,4912,5956,3832.33
2025-07,23126270,5110,6092,3796.17
2025-08,23488254,5183,6121,3837.32
2025-09,22623822,5034,5916,3824.18
2025-10,23205434,5146,6122,3790.5
2025-11,22069181,4997,5958,3704.13
2025-12,23519223,5253,6074,3872.11
