product_id,product_family,product_name,list_price
PROD001,Governance,Governance Product 1,882
PROD002,Analytics,Analytics Product 2,413
PROD003,Governance,Governance Product 3,693
PROD004,Governance,Governance Product 4,923
PROD005,Analytics,Analytics Product 5,624
PROD006,Automation,Automation Product 6,263
PROD007,Analytics,Analytics Product 7,1453
PROD008,Analytics,Analytics Product 8,448
PROD009,Governance,Governance Product 9,635
PROD010,Analytics,Analytics Product 10,638
PROD011,Analytics,Analytics Product 11,1197
PROD012,Data Platform,Data Platform Product 12,1126
PROD013,Data Platform,Data Platform Product 13,364
PROD014,Automation,Automation Product 14,641
PROD015,Analytics,Analytics Product 15,890
PROD016,Governance,Governance Product 16,1443
PROD017,Data Platform,Data Platform Product 17,1243
PROD018,Data Platform,Data Platform Product 18,1409
PROD019,Governance,Governance Product 19,1480
PROD020,Data Platform,Data Platform Product 20,867
